perc_in_name;in_component;in_system;Relevance;long_common_name;query;component;system
0.3333333333333333;0;0;0;Leukocytes [#/volume] in Blood;bilirubin in plasma;Leukocytes;Bld
0.6666666666666666;0;1;0;Aspartate aminotransferase [Enzymatic activity/volume] in Serum or Plasma;bilirubin in plasma;Aspartate aminotransferase;Ser/Plas
0.6666666666666666;0;1;0;Fasting glucose [Mass or Moles/volume] in Serum or Plasma;bilirubin in plasma;Glucose^post CFst;Ser/Plas
0.3333333333333333;0;0;0;Lymphocytes/100 leukocytes in Blood;bilirubin in plasma;Lymphocytes/100 leukocytes;Bld
0.6666666666666666;1;0;0;Bilirubin.total [Mass/volume] in Synovial fluid;bilirubin in plasma;Bilirubin;Synv fld
0.3333333333333333;0;0;0;Glucose [Moles/volume] in Pleural fluid;bilirubin in plasma;Glucose;Plr fld
0.6666666666666666;0;1;0;Glucose [Moles/volume] in Serum or Plasma --3 hours post 100 g glucose PO;bilirubin in plasma;Glucose^3H post 100 g glucose PO;Ser/Plas
0.3333333333333333;0;0;0;Hepatitis B virus DNA [#/volume] (viral load) in Serum by Probe with signal amplification;bilirubin in plasma;Hepatitis B virus DNA;Ser
1.0;1;1;1;Bilirubin.total [Mass/volume] in Serum or Plasma;bilirubin in plasma;Bilirubin;Ser/Plas
1.0;1;1;1;Bilirubin.indirect [Mass or Moles/volume] in Serum or Plasma;bilirubin in plasma;Bilirubin.non-glucuronidated;Ser/Plas
0.3333333333333333;0;0;0;Glucose [Moles/volume] in Urine;bilirubin in plasma;Glucose;Urine
0.3333333333333333;0;0;0;Monocytes [#/volume] in Blood;bilirubin in plasma;Monocytes;Bld
0.6666666666666666;0;1;0;Protein C [Mass/volume] in Plasma;bilirubin in plasma;Protein C;Plas
0.6666666666666666;0;1;0;Glucose [Mass/volume] in Serum Plasma or Blood;bilirubin in plasma;Glucose;Ser/Plas/Bld
0.6666666666666666;1;0;0;Bilirubin.total [Presence] in Unspecified specimen;bilirubin in plasma;Bilirubin;XXX
0.6666666666666666;0;1;0;Glucose [Moles/volume] in Serum or Plasma;bilirubin in plasma;Glucose;Ser/Plas
0.6666666666666666;0;1;0;Alanine aminotransferase [Enzymatic activity/volume] in Serum or Plasma;bilirubin in plasma;Alanine aminotransferase;Ser/Plas
0.3333333333333333;0;0;0;Lymphocytes [#/volume] in Blood;bilirubin in plasma;Lymphocytes;Bld
0.6666666666666666;0;1;0;Tyrosine aminotransferase [Mass/volume] in Plasma;bilirubin in plasma;Tyrosine aminotransferase;Plas
0.6666666666666666;1;0;0;Calcium bilirubinate/Total in Stone;bilirubin in plasma;Calcium bilirubinate/Total;Calculus
0.3333333333333333;0;0;0;Bilirubin.total [Mass/volume] in Serum or Plasma;glucose in blood;Bilirubin;Ser/Plas
0.6666666666666666;1;0;0;Glucose [Moles/volume] in Urine;glucose in blood;Glucose;Urine
1.0;1;1;1;Glucose [Mass/volume] in Serum Plasma or Blood;glucose in blood;Glucose;Ser/Plas/Bld
0.3333333333333333;0;0;0;Aspartate aminotransferase [Enzymatic activity/volume] in Serum or Plasma;glucose in blood;Aspartate aminotransferase;Ser/Plas
0.3333333333333333;0;0;0;Calcium bilirubinate/Total in Stone;glucose in blood;Calcium bilirubinate/Total;Calculus
0.6666666666666666;1;0;0;Glucose [Moles/volume] in Pleural fluid;glucose in blood;Glucose;Plr fld
0.3333333333333333;0;0;0;Bilirubin.total [Mass/volume] in Synovial fluid;glucose in blood;Bilirubin;Synv fld
0.6666666666666666;1;0;0;Glucose [Moles/volume] in Serum or Plasma;glucose in blood;Glucose;Ser/Plas
0.6666666666666666;0;1;0;Leukocytes [#/volume] in Blood;glucose in blood;Leukocytes;Bld
0.3333333333333333;0;0;0;Tyrosine aminotransferase [Mass/volume] in Plasma;glucose in blood;Tyrosine aminotransferase;Plas
0.6666666666666666;0;1;0;Lymphocytes [#/volume] in Blood;glucose in blood;Lymphocytes;Bld
0.6666666666666666;1;0;0;Glucose [Moles/volume] in Serum or Plasma --3 hours post 100 g glucose PO;glucose in blood;Glucose^3H post 100 g glucose PO;Ser/Plas
0.3333333333333333;0;0;0;Bilirubin.total [Presence] in Unspecified specimen;glucose in blood;Bilirubin;XXX
0.3333333333333333;0;0;0;Protein C [Mass/volume] in Plasma;glucose in blood;Protein C;Plas
0.3333333333333333;0;0;0;Hepatitis B virus DNA [#/volume] (viral load) in Serum by Probe with signal amplification;glucose in blood;Hepatitis B virus DNA;Ser
0.6666666666666666;0;1;0;Monocytes [#/volume] in Blood;glucose in blood;Monocytes;Bld
0.6666666666666666;0;1;0;Lymphocytes/100 leukocytes in Blood;glucose in blood;Lymphocytes/100 leukocytes;Bld
0.3333333333333333;0;0;0;Bilirubin.indirect [Mass or Moles/volume] in Serum or Plasma;glucose in blood;Bilirubin.non-glucuronidated;Ser/Plas
0.6666666666666666;1;0;0;Fasting glucose [Mass or Moles/volume] in Serum or Plasma;glucose in blood;Glucose^post CFst;Ser/Plas
0.3333333333333333;0;0;0;Alanine aminotransferase [Enzymatic activity/volume] in Serum or Plasma;glucose in blood;Alanine aminotransferase;Ser/Plas
0.5;0;1;1;Monocytes [#/volume] in Blood;white blood cells count;Monocytes;Bld
0.0;0;0;0;Bilirubin.total [Mass/volume] in Synovial fluid;white blood cells count;Bilirubin;Synv fld
0.0;0;0;0;Bilirubin.indirect [Mass or Moles/volume] in Serum or Plasma;white blood cells count;Bilirubin.non-glucuronidated;Ser/Plas
0.0;0;0;0;Protein C [Mass/volume] in Plasma;white blood cells count;Protein C;Plas
0.0;0;0;0;Fasting glucose [Mass or Moles/volume] in Serum or Plasma;white blood cells count;Glucose^post CFst;Ser/Plas
0.0;0;1;0;Glucose [Mass/volume] in Serum Plasma or Blood;white blood cells count;Glucose;Ser/Plas/Bld
0.0;0;0;0;Tyrosine aminotransferase [Mass/volume] in Plasma;white blood cells count;Tyrosine aminotransferase;Plas
0.0;0;0;0;Bilirubin.total [Presence] in Unspecified specimen;white blood cells count;Bilirubin;XXX
0.0;0;0;0;Glucose [Moles/volume] in Pleural fluid;white blood cells count;Glucose;Plr fld
0.5;0;1;1;Lymphocytes [#/volume] in Blood;white blood cells count;Lymphocytes;Bld
0.0;0;0;0;Bilirubin.total [Mass/volume] in Serum or Plasma;white blood cells count;Bilirubin;Ser/Plas
0.0;0;0;0;Glucose [Moles/volume] in Serum or Plasma;white blood cells count;Glucose;Ser/Plas
0.0;0;0;0;Alanine aminotransferase [Enzymatic activity/volume] in Serum or Plasma;white blood cells count;Alanine aminotransferase;Ser/Plas
0.25;0;1;1;Lymphocytes/100 leukocytes in Blood;white blood cells count;Lymphocytes/100 leukocytes;Bld
0.0;0;0;0;Glucose [Moles/volume] in Urine;white blood cells count;Glucose;Urine
0.25;0;0;0;Hepatitis B virus DNA [#/volume] (viral load) in Serum by Probe with signal amplification;white blood cells count;Hepatitis B virus DNA;Ser
0.0;0;0;0;Glucose [Moles/volume] in Serum or Plasma --3 hours post 100 g glucose PO;white blood cells count;Glucose^3H post 100 g glucose PO;Ser/Plas
0.5;0;1;1;Leukocytes [#/volume] in Blood;white blood cells count;Leukocytes;Bld
0.0;0;0;0;Calcium bilirubinate/Total in Stone;white blood cells count;Calcium bilirubinate/Total;Calculus
0.0;0;0;0;Aspartate aminotransferase [Enzymatic activity/volume] in Serum or Plasma;white blood cells count;Aspartate aminotransferase;Ser/Plas
